{
  "1": {
    "1": {
      "1": {
        "NAME": "zUpdateDate",
        "SYNTAX": "INTEGER",
        "MAX-ACCESS": "read-only",
        "STATUS": "current",
        "DESCRIPTION": "The date (YY*104+MM*102+DD) when the agent has started a new Z matrix.",
        "0": ""
      },
      "2": {
        "NAME": "zUpdateTime",
        "SYNTAX": "INTEGER",
        "MAX-ACCESS": "read-only",
        "STATUS": "current",
        "DESCRIPTION": "The time (HH*104+MM*102+SS) when the agent has started a new Z matrix.",
        "0": ""
      },
      "3": {
        "NAME": "systemKeySize or K",
        "SYNTAX": "INTEGER",
        "MAX-ACCESS": "read-only",
        "STATUS": "current",
        "DESCRIPTION": "The number of bytes (K) of each generated key.",
        "0": ""
      },
      "4": {
        "NAME": "systemIntervalUpdate or T",
        "SYNTAX": "INTEGER",
        "MAX-ACCESS": "read-only",
        "STATUS": "current",
        "DESCRIPTION": "The number of milliseconds of the updating interval of the internal Z matrix.",
        "0": ""
      },
      "5": {
        "NAME": "systemMaxNumberOfKeys or X",
        "SYNTAX": "INTEGER",
        "MAX-ACCESS": "read-only",
        "STATUS": "current",
        "DESCRIPTION": "The maximum number of generated keys that are still valid.",
        "0": ""
      },
      "6": {
        "NAME": "systemKeysTimeToLive or V",
        "SYNTAX": "INTEGER",
        "MAX-ACCESS": "read-only",
        "STATUS": "current",
        "DESCRIPTION": "The number of seconds of the TTL of the generated keys.",
        "0": ""
      },
      "7": {
        "NAME": "systemRestartCounter or Timestamp S",
        "SYNTAX": "INTEGER",
        "MAX-ACCESS": "read-only",
        "STATUS": "current",
        "DESCRIPTION": "The number of seconds that have passed since agent started/restarted.",
        "0": ""
      }
    },
    "2": {
      "1": {
        "NAME": "configMasterKey or M",
        "SYNTAX": "OCTET STRING",
        "MAX-ACCESS": "not-accessible",
        "STATUS": "current",
        "DESCRIPTION": "The master double key M with at least K*2 bytes in size.",
        "0": ""
      },
      "2": {
        "NAME": "configFirstCharOfKeysAlphabet",
        "SYNTAX": "INTEGER",
        "MAX-ACCESS": "not-accessible",
        "STATUS": "current",
        "DESCRIPTION": "The ASCII code of the first character of the alphabet used in the keys (default=33).",
        "0": ""
      },
      "3": {
        "NAME": "configCardinalityOfKeysAlphabet",
        "SYNTAX": "INTEGER",
        "MAX-ACCESS": "not-accessible",
        "STATUS": "current",
        "DESCRIPTION": "The number of characters (Y) in the alphabet used in the keys (default=94).",
        "0": ""
      }
    },
    "3": {
      "1": {
        "NAME": "dataNumberOfValidKeys",
        "SYNTAX": "INTEGER",
        "MAX-ACCESS": "read-only",
        "STATUS": "current",
        "DESCRIPTION": "The number of elements in the dataTableGeneratedKeys.",
        "0": ""
      },
      "2": {
        "NAME": "dataTableGeneratedKeys",
        "SYNTAX": "SEQUENCE OF DataTableGeneratedKeysEntryType",
        "access": "not-accessible",
        "STATUS": "mandatory",
        "DESCRIPTION": "A table with information from all created keys that are still valid."
      },
      "3": {
        "1": {
          "NAME": "keyId",
          "SYNTAX": "INTEGER",
          "MAX-ACCESS": "read-only",
          "STATUS": "current",
          "DESCRIPTION": "The identification of a generated key."
        },
        "2": {
          "NAME": "keyValue",
          "SYNTAX": "OCTET STRING",
          "MAX-ACCESS": "read-only",
          "STATUS": "current",
          "DESCRIPTION": "The value of a generated key (K bytes/characters long)."
        },
        "3": {
          "NAME": "keyRequester",
          "SYNTAX": "OCTET STRING",
          "MAX-ACCESS": "read-only",
          "STATUS": "current",
          "DESCRIPTION": "The identification of the manager/client that initially requested the key."
        },
        "4": {
          "NAME": "keyExpirationDate",
          "SYNTAX": "INTEGER",
          "MAX-ACCESS": "read-only",
          "STATUS": "current",
          "DESCRIPTION": "The date (YY*104+MM*102+DD) when the key will expire."
        },
        "5": {
          "NAME": "keyExpirationTime",
          "SYNTAX": "INTEGER",
          "MAX-ACCESS": "read-only",
          "STATUS": "current",
          "DESCRIPTION": "The time (HH*104+MM*102+SS) when the key will expire."
        },
        "6": {
          "NAME": "keyVisibility",
          "SYNTAX": "INTEGER",
          "MAX-ACCESS": "read-write",
          "STATUS": "current",
          "DESCRIPTION": "0 - Key value is not visible; 1 - key value is only visible to the requester; 2 - key value is visible to anyone."
        }
      }
    }
  }
}